<?xml version="1.0" encoding="UTF-8"?>
<GenRun Id="synth_1" LaunchPart="xc7a35tcpg236-1" LaunchTime="1611921782">
  <File Type="PA-TCL" Name="switch_to_LED.tcl"/>
  <File Type="REPORTS-TCL" Name="switch_to_LED_reports.tcl"/>
  <File Type="RDS-RDS" Name="switch_to_LED.vds"/>
  <File Type="RDS-UTIL" Name="switch_to_LED_utilization_synth.rpt"/>
  <File Type="RDS-UTIL-PB" Name="switch_to_LED_utilization_synth.pb"/>
  <File Type="RDS-DCP" Name="switch_to_LED.dcp"/>
  <FileSet Name="sources" Type="DesignSrcs" RelSrcDir="$PSRCDIR/sources_1">
    <Filter Type="Srcs"/>
    <File Path="$PSRCDIR/sources_1/new/switch_to_LED.v">
      <FileInfo>
        <Attr Name="ImportPath" Val="$PPRDIR/../../../../lab_1_graded.srcs/sources_1/new/switch_to_LED.v"/>
        <Attr Name="ImportTime" Val="1611921774"/>
        <Attr Name="UsedIn" Val="synthesis"/>
        <Attr Name="UsedIn" Val="implementation"/>
        <Attr Name="UsedIn" Val="simulation"/>
      </FileInfo>
    </File>
    <Config>
      <Option Name="DesignMode" Val="RTL"/>
      <Option Name="TopModule" Val="switch_to_LED"/>
      <Option Name="TopAutoSet" Val="TRUE"/>
    </Config>
  </FileSet>
  <FileSet Name="constrs_in" Type="Constrs" RelSrcDir="$PSRCDIR/constrs_1">
    <Filter Type="Constrs"/>
    <File Path="$PSRCDIR/constrs_1/new/my_basys_3_constraints.xdc">
      <FileInfo>
        <Attr Name="ImportPath" Val="$PPRDIR/../../../../lab_1_graded.srcs/constrs_1/new/my_basys_3_constraints.xdc"/>
        <Attr Name="ImportTime" Val="1611578362"/>
        <Attr Name="UsedIn" Val="synthesis"/>
        <Attr Name="UsedIn" Val="implementation"/>
      </FileInfo>
    </File>
    <Config>
      <Option Name="ConstrsType" Val="XDC"/>
    </Config>
  </FileSet>
  <Strategy Version="1" Minor="2">
    <StratHandle Name="Vivado Synthesis Defaults" Flow="Vivado Synthesis 2018"/>
    <Step Id="synth_design"/>
  </Strategy>
</GenRun>
