<?xml version="1.0" encoding="UTF-8"?>
<GenRun Id="impl_1" LaunchPart="xc7a35tcpg236-1" LaunchTime="1611921782">
  <File Type="ROUTE-PWR" Name="switch_to_LED_power_routed.rpt"/>
  <File Type="PA-TCL" Name="switch_to_LED.tcl"/>
  <File Type="BITSTR-BMM" Name="switch_to_LED_bd.bmm"/>
  <File Type="ROUTE-PWR-SUM" Name="switch_to_LED_power_summary_routed.pb"/>
  <File Type="REPORTS-TCL" Name="switch_to_LED_reports.tcl"/>
  <File Type="OPT-DCP" Name="switch_to_LED_opt.dcp"/>
  <File Type="OPT-DRC" Name="switch_to_LED_drc_opted.rpt"/>
  <File Type="OPT-HWDEF" Name="switch_to_LED.hwdef"/>
  <File Type="PWROPT-DCP" Name="switch_to_LED_pwropt.dcp"/>
  <File Type="PLACE-DCP" Name="switch_to_LED_placed.dcp"/>
  <File Type="PLACE-IO" Name="switch_to_LED_io_placed.rpt"/>
  <File Type="PLACE-UTIL" Name="switch_to_LED_utilization_placed.rpt"/>
  <File Type="PLACE-UTIL-PB" Name="switch_to_LED_utilization_placed.pb"/>
  <File Type="PLACE-CTRL" Name="switch_to_LED_control_sets_placed.rpt"/>
  <File Type="PLACE-PRE-SIMILARITY" Name="switch_to_LED_incremental_reuse_pre_placed.rpt"/>
  <File Type="BG-BGN" Name="switch_to_LED.bgn"/>
  <File Type="POSTPLACE-PWROPT-DCP" Name="switch_to_LED_postplace_pwropt.dcp"/>
  <File Type="BG-BIN" Name="switch_to_LED.bin"/>
  <File Type="PHYSOPT-DCP" Name="switch_to_LED_physopt.dcp"/>
  <File Type="BITSTR-MSK" Name="switch_to_LED.msk"/>
  <File Type="ROUTE-ERROR-DCP" Name="switch_to_LED_routed_error.dcp"/>
  <File Type="ROUTE-DCP" Name="switch_to_LED_routed.dcp"/>
  <File Type="ROUTE-BLACKBOX-DCP" Name="switch_to_LED_routed_bb.dcp"/>
  <File Type="ROUTE-DRC" Name="switch_to_LED_drc_routed.rpt"/>
  <File Type="ROUTE-DRC-PB" Name="switch_to_LED_drc_routed.pb"/>
  <File Type="ROUTE-DRC-RPX" Name="switch_to_LED_drc_routed.rpx"/>
  <File Type="BITSTR-LTX" Name="switch_to_LED.ltx"/>
  <File Type="ROUTE-METHODOLOGY-DRC" Name="switch_to_LED_methodology_drc_routed.rpt"/>
  <File Type="BITSTR-MMI" Name="switch_to_LED.mmi"/>
  <File Type="ROUTE-METHODOLOGY-DRC-RPX" Name="switch_to_LED_methodology_drc_routed.rpx"/>
  <File Type="ROUTE-METHODOLOGY-DRC-PB" Name="switch_to_LED_methodology_drc_routed.pb"/>
  <File Type="BITSTR-SYSDEF" Name="switch_to_LED.sysdef"/>
  <File Type="ROUTE-PWR-RPX" Name="switch_to_LED_power_routed.rpx"/>
  <File Type="ROUTE-STATUS" Name="switch_to_LED_route_status.rpt"/>
  <File Type="ROUTE-STATUS-PB" Name="switch_to_LED_route_status.pb"/>
  <File Type="ROUTE-TIMINGSUMMARY" Name="switch_to_LED_timing_summary_routed.rpt"/>
  <File Type="ROUTE-TIMING-PB" Name="switch_to_LED_timing_summary_routed.pb"/>
  <File Type="ROUTE-TIMING-RPX" Name="switch_to_LED_timing_summary_routed.rpx"/>
  <File Type="ROUTE-CLK" Name="switch_to_LED_clock_utilization_routed.rpt"/>
  <File Type="ROUTE-BUS-SKEW" Name="switch_to_LED_bus_skew_routed.rpt"/>
  <File Type="ROUTE-BUS-SKEW-PB" Name="switch_to_LED_bus_skew_routed.pb"/>
  <File Type="ROUTE-BUS-SKEW-RPX" Name="switch_to_LED_bus_skew_routed.rpx"/>
  <File Type="POSTROUTE-PHYSOPT-DCP" Name="switch_to_LED_postroute_physopt.dcp"/>
  <File Type="POSTROUTE-PHYSOPT-BLACKBOX-DCP" Name="switch_to_LED_postroute_physopt_bb.dcp"/>
  <File Type="BG-BIT" Name="switch_to_LED.bit"/>
  <File Type="BITSTR-RBT" Name="switch_to_LED.rbt"/>
  <File Type="BITSTR-NKY" Name="switch_to_LED.nky"/>
  <File Type="BG-DRC" Name="switch_to_LED.drc"/>
  <File Type="RDI-RDI" Name="switch_to_LED.vdi"/>
  <File Type="WBT-USG" Name="usage_statistics_webtalk.html"/>
  <FileSet Name="sources" Type="DesignSrcs" RelSrcDir="$PSRCDIR/sources_1">
    <Filter Type="Srcs"/>
    <File Path="$PSRCDIR/sources_1/new/switch_to_LED.v">
      <FileInfo>
        <Attr Name="ImportPath" Val="$PPRDIR/../../../../../../../../Desktop/EE2026/Week 3/lab_1_graded/lab_1_graded.srcs/sources_1/new/switch_to_LED.v"/>
        <Attr Name="ImportTime" Val="1611921774"/>
        <Attr Name="UsedIn" Val="synthesis"/>
        <Attr Name="UsedIn" Val="implementation"/>
        <Attr Name="UsedIn" Val="simulation"/>
      </FileInfo>
    </File>
    <Config>
      <Option Name="DesignMode" Val="RTL"/>
      <Option Name="TopModule" Val="switch_to_LED"/>
      <Option Name="TopAutoSet" Val="TRUE"/>
    </Config>
  </FileSet>
  <FileSet Name="constrs_in" Type="Constrs" RelSrcDir="$PSRCDIR/constrs_1">
    <Filter Type="Constrs"/>
    <File Path="$PSRCDIR/constrs_1/new/my_basys_3_constraints.xdc">
      <FileInfo>
        <Attr Name="ImportPath" Val="$PPRDIR/../../../../../../../../Desktop/EE2026/Week 3/lab_1_graded/lab_1_graded.srcs/constrs_1/new/my_basys_3_constraints.xdc"/>
        <Attr Name="ImportTime" Val="1611578362"/>
        <Attr Name="UsedIn" Val="synthesis"/>
        <Attr Name="UsedIn" Val="implementation"/>
      </FileInfo>
    </File>
    <Config>
      <Option Name="ConstrsType" Val="XDC"/>
    </Config>
  </FileSet>
  <Strategy Version="1" Minor="2">
    <StratHandle Name="Vivado Implementation Defaults" Flow="Vivado Implementation 2018"/>
    <Step Id="init_design"/>
    <Step Id="opt_design"/>
    <Step Id="power_opt_design"/>
    <Step Id="place_design"/>
    <Step Id="post_place_power_opt_design"/>
    <Step Id="phys_opt_design"/>
    <Step Id="route_design"/>
    <Step Id="post_route_phys_opt_design"/>
    <Step Id="write_bitstream"/>
  </Strategy>
</GenRun>
